,ID_nome_comum,fk_nome_cientifico
0,0,Arhysosage cactorum
1,0,Partamona littoralis
2,1,Arhysosage cactorum
3,2,Baryancistrus longipinnis
4,2,Baryancistrus niveatus
5,3,Harttia depressa
6,3,Harttia dissidens
7,4,Scobinancistrus aureatus
8,4,Scobinancistrus pariolispos
9,5,Leporacanthicus joselimai
10,6,Leptagrion bocainense
11,7,Serpophaga hypoleuca pallida
12,8,Charinus acaraje
13,8,Charinus potiguar
14,8,Charinus asturius
15,9,Iodopleura pipra
16,9,Iodopleura pipra leucopygia
17,10,Geositta poeciloptera
18,11,Henochilus wheatlandii
19,12,Potiberaba porakuara
20,13,Tapirus terrestris
21,14,Touit melanonotus
22,15,Leporinus guttatus
23,15,Leporinus pitingai
24,16,Ianduba paubrasil
25,16,Celaetycheus mungunza
26,16,Metagonia potiguar
27,16,Matagaia chromatopus
28,16,Neonella noronha
29,16,Typhochlaena curumim
30,16,Harmonicon cerberus
31,16,Speocera eleonorae
32,16,Ybyrapora diversipes
33,16,Ybyrapora gamba
34,16,Typhochlaena seladonia
35,16,Drymusa spelunca
36,16,Isoctenus corymbus
37,16,Ochyrocera ibitipoca
38,16,Dolichothele diamantinensis
39,16,Pterinopelma sazimai
40,17,Discocyrtus pedrosoi
41,18,Typhochlaena curumim
42,18,Harmonicon cerberus
43,18,Tmesiphantes hypogeus
44,18,Ybyrapora diversipes
45,18,Ybyrapora gamba
46,18,Typhochlaena seladonia
47,18,Dolichothele diamantinensis
48,18,Pterinopelma sazimai
49,19,Charinus acaraje
50,19,Charinus potiguar
51,19,Charinus eleonorae
52,19,Charinus troglobius
53,19,Charinus asturius
54,20,Harmonicon cerberus
55,21,Metagonia potiguar
56,21,Metagonia diamantina
57,22,Discocyrtus pedrosoi
58,23,Ianduba paubrasil
59,24,Matagaia chromatopus
60,24,Neonella noronha
61,25,Xiphocolaptes carajaensis
62,26,Xiphocolaptes falcirostris
63,27,Hylexetastes uniformis
64,28,Campylorhamphus trochilirostris trochilirostris
65,29,Procnias albus wallacei
66,30,Pteroglossus bitorquatus bitorquatus
67,31,Ceratophrys ornata
68,32,Pteronura brasiliensis
69,33,Megalobulimus cardosoi
70,34,Mcclungia cymo fallens
71,35,Episcada vitrea
72,36,Caretta caretta
73,37,Morpho menelaus eberti
74,38,Chasmocranus brachynemus
75,39,Xipholena lamellipennis
76,40,Hydropsalis candicans
77,41,Mycteroperca interstitialis
78,42,Mycteroperca interstitialis
79,43,Hyporthodus niveatus
80,44,Epinephelus itajara
81,45,Pimelodella kronei
82,46,Rhamdiopsis krugi
83,47,Trichomycterus dali
84,48,Glaphyropoma spinosum
85,48,Ituglanis epikarsticus
86,48,Ituglanis passensis
87,48,Ituglanis bambui
88,48,Ituglanis ramiroi
89,49,Chasmocranus brachynemus
90,50,Heptapterus multiradiatus
91,51,Taunayia bifasciata
92,52,Sphaenorhynchus bromelicola
93,53,Balaenoptera musculus
94,54,Balaenoptera physalus
95,55,Eubalaena australis
96,56,Eubalaena australis
97,57,Eubalaena australis
98,58,Balaenoptera borealis
99,59,Myrmecophaga tridactyla
100,60,Phalloptychus eigenmanni
101,60,Phallotorynus fasciolatus
102,60,Cnesterodon carnegiei
103,60,Cnesterodon omorgmatos
104,61,Ceratophrys ornata
105,62,Ateuchus squalidus
106,63,Mustelus canis
107,64,Xenops minutus alagoanus
108,65,Sparisoma axillare
109,65,Sparisoma frondosum
110,66,Mustelus schmitti
111,67,Epinephelus itajara
112,68,Mustelus canis
113,69,Sparisoma rocha
114,70,Drephalys mourei
115,70,Parelbella polyzona
116,70,Pseudocroniades machaon seabrai
117,70,Turmosa camposa
118,70,Magnastigma julia
119,70,Strymon ohausi
120,70,Actinote quadra
121,70,Dasyophthalma geraensis
122,70,Dasyophthalma rusina delanira
123,70,Dasyophthalma vertebralis
124,70,Doxocopa zalmunna
125,70,Episcada vitrea
126,70,Eresia erysice erysice
127,70,Euptychia boulleti
128,70,Hamadryas velutina browni
129,70,Heliconius nattereri
130,70,Hyalyris fiammetta
131,70,Mcclungia cymo fallens
132,70,Melinaea mnasias thera
133,70,Morpho epistrophus nikolajewna
134,70,Morpho menelaus eberti
135,70,Napeogenes rhezia rhezia
136,70,Orobrassolis ornamentalis
137,70,Pampasatyrus glaucope glaucope
138,70,Pampasatyrus gyrtone
139,70,Paulogramma hydarnis
140,70,Polygrapha suprema
141,70,Prepona deiphile
142,70,Scada karschina delicata
143,70,Tithorea harmonia caissara
144,70,Heraclides himeros baia
145,70,Heraclides himeros himeros
146,70,Mimoides lysithous harrisianus
147,70,Mimoides lysithous sebastianus
148,70,Parides bunichus chamissonia
149,70,Parides klagesi
150,70,Parides panthonus castilhoi
151,70,Parides tros danunciae
152,70,Charonias theano
153,70,Cunizza hirlanda fulvinota
154,70,Cunizza hirlanda planasia
155,70,Glennia pylotis
156,70,Moschoneura pinthous methymna
157,70,Joiceya praeclarus
158,70,Panara ovifera
159,70,Petrocerus catiena
160,70,Rhetus belphegor
161,70,Voltinia sanarita
162,70,Drephalys miersi
163,70,Adelpha atlantica
164,70,Forsterinaria itatiaia
165,70,Pampasatyrus glaucope eberti
166,70,Pampasatyrus reticulata gagarini
167,70,Praepedaliodes sequeirae
168,70,Yphthimoides iserhardi
169,70,Actinote zikani
170,70,Arawacus aethesa
171,70,Perrhybris pamela flava
172,70,Pampasatyrus glaucope boenninghauseni
173,70,Zonia zonia diabo
174,71,Strymon ohausi
175,71,Joiceya praeclarus
176,71,Petrocerus catiena
177,71,Arawacus aethesa
178,72,Parides ascanius
179,73,Actinote quadra
180,73,Actinote zikani
181,74,Parides burchellanus
182,75,Inia geoffrensis
183,75,Sotalia guianensis
184,75,Tursiops gephyreus
185,76,Inia geoffrensis
186,77,Pontoporia blainvillei
187,78,Pontoporia blainvillei
188,79,Sotalia guianensis
189,80,Inia geoffrensis
190,81,Tursiops gephyreus
191,82,Tursiops gephyreus
192,83,Inia araguaiaensis
193,84,Inia geoffrensis
194,85,Chaetomys subspinosus
195,86,Chaetomys subspinosus
196,87,Xenohyla truncata
197,88,Sparisoma axillare
198,88,Sparisoma frondosum
199,89,Halichoeres rubrovirens
200,90,Euryoryzomys lamia
201,91,Brachyteles arachnoides
202,92,Brachyteles arachnoides
203,93,Lepidothrix iris
204,94,Carcharhinus obscurus
205,95,Mycteroperca interstitialis
206,96,Mycteroperca interstitialis
207,97,Glaucidium mooreorum
208,98,Physeter macrocephalus
209,99,Atelocynus microtis
210,100,Cebus kaapori
211,101,Hyalella caeca
212,102,Lophiosilurus alexandri
213,102,Sphyrna mokarran
214,103,Cambeva paolence
215,104,Listrura camposi
216,105,Sphyrna zygaena
217,106,Juscelinomys candango
218,107,Juscelinomys candango
219,108,Cambeva crassicaudata
220,108,Cambeva igobi
221,108,Cambeva mboycy
222,109,Mustelus schmitti
223,110,Panthera onca
224,111,Characidium grajahuensis
225,112,Hypocnemis striata
226,113,Akodon mystax
227,114,Tomigerus gibberulus
228,114,Hypselartemon alveus
229,115,Gonyostomus insularis
230,116,Potamolithus karsticus
231,117,Pomacea sordida
232,117,Lymnaea rupestris
233,117,Plesiophysa dolichomastix
234,118,Potamolithus troglobius
235,119,Plesiophysa dolichomastix
236,120,Potamolithus troglobius
237,121,Johngarthia lagostoma
238,122,Lutjanus cyanopterus
239,123,Lutjanus cyanopterus
240,124,Lutjanus cyanopterus
241,125,Caretta caretta
242,126,Dermochelys coriacea
243,127,Dermochelys coriacea
244,128,Rhipidomys cariri
245,129,Plesioptopoma curvidens
246,129,Microlepidogaster perforatus
247,129,Parotocinclus spilurus
248,130,Otothyris juquiae
249,131,Ancistrus cryptophthalmus
250,132,Pseudotocinclus juquiae
251,133,Pseudotocinclus tietensis
252,134,Neoplecostomus botucatu
253,134,Pogonopoma parahybae
254,134,Delturus parahybae
255,134,Hypostomus subcarinatus
256,134,Isbrueckerichthys saxicola
257,135,Ancistrus formoso
258,136,Delturus parahybae
259,137,Pogonopoma obscurum
260,138,Squatina occulta
261,139,Squatina argentina
262,140,Squatina guggenheim
263,141,Squatina guggenheim
264,142,Squatina occulta
265,143,Carcharhinus porosus
266,144,Carcharhinus obscurus
267,145,Galeorhinus galeus
268,145,Mustelus schmitti
269,146,Mustelus canis
270,147,Notorynchus cepedianus
271,148,Mustelus schmitti
272,149,Rhincodon typus
273,150,Carcharhinus obscurus
274,151,Mustelus fasciatus
275,152,Ginglymostoma cirratum
276,153,Mustelus fasciatus
277,154,Sphyrna media
278,155,Carcharhinus signatus
279,156,Isogomphodon oxyrhynchus
280,157,Mustelus schmitti
281,158,Cryptops iporangensis
282,158,Cryptops spelaeoraptor
283,158,Scolopendropsis duplicata
284,159,Hyporthodus niveatus
285,160,Gyldenstolpia planaltensis
286,161,Thalpomys cerradensis
287,162,Hyporthodus niveatus
288,163,Hyporthodus niveatus
289,164,Hyporthodus niveatus
290,165,Hyporthodus niveatus
291,166,Hyporthodus niveatus
292,167,Hyporthodus niveatus
293,168,Hyporthodus niveatus
294,169,Hyporthodus niveatus
295,170,Laniisoma elegans
296,171,Thamnophilus caerulescens cearensis
297,172,Thamnophilus aethiops distans
298,173,Dysithamnus plumbeus
299,174,Myrmotherula urosticta
300,175,Monasa morphoeus morphoeus
301,176,Conopophaga cearae
302,176,Conopophaga lineata lineata
303,177,Leopardus tigrinus
304,178,Kerodon acrobata
305,179,Coendou speratus
306,180,Ateles chamek
307,181,Ateles marginatus
308,182,Ateles chamek
309,183,Atractus ronnie
310,184,Apostolepis arenaria
311,185,Acherontides eleonorae
312,185,Arrhopalites alambariensis
313,185,Arrhopalites botuveraensis
314,185,Arrhopalites gnaspinii
315,185,Arrhopalites heteroculatus
316,185,Arrhopalites lawrencei
317,185,Arrhopalites paranaensis
318,185,Pararrhopalites papaveroi
319,185,Troglobius brasiliensis
320,185,Troglobius ferroicus
321,185,Trogolaphysa aelleni
322,185,Archisotoma arariboia
323,185,Pseudosinella ambigua
324,185,Seira arenicola
325,185,Isotomiella uai
326,185,Archisotoma catiae
327,185,Maricaella duna
328,185,Aethiopella littoralis
329,185,Seira mataraquensis
330,185,Seira musarum
331,185,Agraphorura mariapetrae
332,185,Isotomodes cariocus
333,185,Psammisotoma restingae
334,185,Arlea arenicola
335,185,Paracerura gandarela
336,185,Hyleanura mendoncae
337,185,Mesaphorura maricaensis
338,185,Seira pseudoannulata
339,185,Arlesia intermedia
340,185,Isotomurus riparius
341,185,Arlea psammophila
342,185,Micranurida fluminensis
343,186,Pseudoseisura lophotes
344,187,Conorhynchos conirostris
345,188,Philodryas livida
346,189,Coryphistera alaudina
347,190,Ateles marginatus
348,191,Pyrilia vulturina
349,192,Geositta poeciloptera
350,193,Rhinella casconi
351,194,Chiropotes utahickae
352,195,Chiropotes satanas
353,196,Lepidothrix vilasboasi
354,197,Trinomys mirapitanga
355,198,Drephalys mourei
356,198,Parelbella polyzona
357,198,Drephalys miersi
358,198,Zonia zonia diabo
359,199,Microspathodon chrysurus
360,200,Stegastes sanctipauli
361,201,Stegastes trindadensis
362,202,Leptagrion bocainense
363,203,Leptagrion bocainense
364,204,Adebrotus lugoi
365,204,Camelobaetidius juparana
366,204,Camelobaetidius maranhensis
367,204,Simothraulopsis eurybasis
368,205,Aegla franca
369,205,Aegla leptodactyla
370,205,Aegla perobae
371,205,Aegla renana
372,205,Aegla cavernicola
373,205,Aegla leptochela
374,205,Aegla microphthalma
375,205,Aegla brevipalma
376,205,Aegla camargoi
377,205,Aegla inconspicua
378,205,Aegla inermis
379,205,Aegla itacolomiensis
380,205,Aegla leachi
381,205,Aegla manuinflata
382,205,Aegla oblata
383,205,Aegla obstipa
384,205,Aegla violacea
385,206,Trinomys eliasi
386,207,Peridontodesmella alba
387,207,Pseudonannolene spelaea
388,207,Sandalodesmus stramineus
389,208,Ananteris infuscata
390,208,Hadrurochactas araripe
391,208,Hadrurochactas brejo
392,208,Troglorhopalurus translucidus
393,209,Rowlandius ubajara
394,210,Epinephelus marginatus
395,211,Halichondria cebimarensis
396,211,Halichondria tenebrica
397,211,Corvomeyenia epilithosa
398,211,Latrunculia janeirensis
399,211,Racekiela cavernicola
400,212,Luidia senegalensis
401,213,Joiceya praeclarus
402,213,Rhetus belphegor
403,213,Voltinia sanarita
404,214,Drymusa spelunca
405,215,Mycetopoda legumen
406,216,Schiffornis turdina intermedia
407,217,Physalaemus soaresi
408,218,Dinoponera lucida
409,218,Gnamptogenys wilsoni
410,218,Mycetophylax simplex
411,218,Mycetomoellerius atlanticus
412,218,Atta robusta
413,218,Brachymyrmex micromegas
414,218,Diaphoromyrma sofiae
415,218,Monomorium delabiei
416,218,Mycetagroicus urbanus
417,218,Rhopalothrix plaumanni
418,218,Fulakora cleae
419,219,Mycetagroicus urbanus
420,220,Mycetagroicus urbanus
421,221,Gyldenstolpia planaltensis
422,222,Neopelma aurifrons
423,223,Peridontodesmella alba
424,223,Pseudonannolene spelaea
425,223,Sandalodesmus stramineus
426,224,Chaetomys subspinosus
427,225,Epinephelus marginatus
428,226,Hyporthodus niveatus
429,227,Epinephelus marginatus
430,228,Herpailurus yagouaroundi
431,229,Leopardus geoffroyi
432,229,Leopardus guttulus
433,229,Leopardus tigrinus
434,229,Leopardus wiedii
435,230,Leopardus guttulus
436,231,Leopardus geoffroyi
437,232,Leopardus tigrinus
438,233,Leopardus tigrinus
439,234,Leopardus tigrinus
440,235,Leopardus tigrinus
441,235,Leopardus wiedii
442,236,Leopardus tigrinus
443,237,Herpailurus yagouaroundi
444,238,Leopardus wiedii
445,239,Herpailurus yagouaroundi
446,240,Phyllomys thomasi
447,241,Tursiops gephyreus
448,242,Tursiops gephyreus
449,243,Peridontodesmella alba
450,243,Pseudonannolene spelaea
451,243,Sandalodesmus stramineus
452,244,Rhopornis ardesiacus
453,245,Cichlocolaptes mazarbarnetti
454,246,Cardisoma guanhumi
455,247,Alouatta belzebul
456,247,Alouatta ululata
457,248,Alouatta belzebul
458,248,Alouatta discolor
459,249,Chrysocyon brachyurus
460,250,Cnesterodon iguape
461,251,Ateles marginatus
462,252,Callicebus melanochir
463,252,Callicebus coimbrai
464,252,Callicebus personatus
465,253,Callicebus coimbrai
466,254,Callicebus coimbrai
467,255,Callicebus personatus
468,256,Cavia intermedia
469,257,Thalpomys lasiotis
470,258,Ditaxodon taeniatus
471,259,Thamnomanes caesius caesius
472,260,Crossodactylodes itambe
473,261,Holoaden bradei
474,262,Hylodes glaber
475,263,Eigenmannia vicentespelaea
476,263,Sternarchella curvioperculata
477,263,Sternarchorhynchus britskii
478,263,Sternarchorhynchus severii
479,264,Tembeassu marauna
480,265,Xenohyla truncata
481,266,Euparkerella robusta
482,267,Psophia obscura
483,268,Psophia dextralis
484,269,Psophia interjecta
485,270,Neomorphus squamiger
486,271,Penelope superciliaris alagoensis
487,272,Neomorphus geoffroyi geoffroyi
488,272,Neomorphus geoffroyi
489,272,Neomorphus geoffroyi amazonicus
490,272,Neomorphus geoffroyi dulcis
491,273,Penelope jacucaca
492,274,Penelope superciliaris alagoensis
493,275,Penelope pileata
494,276,Herpailurus yagouaroundi
495,277,Bothrops muriciensis
496,278,Tropidophis grapiuna
497,279,Crenicichla empheres
498,279,Crenicichla hadrostigma
499,280,Crenicichla jupiaensis
500,281,Myrmecophaga tridactyla
501,282,Anablepsoides cearensis
502,282,Hypsolebias gilbertobrasili
503,283,Melanophryniscus klappenbachi
504,284,Cryptops iporangensis
505,284,Cryptops spelaeoraptor
506,284,Scolopendropsis duplicata
507,285,Bryconamericus lambari
508,285,Diapoma pyrrhopteryx
509,285,Spintherobolus leptoura
510,285,Hasemania crenuchoides
511,285,Hasemania maxillaris
512,285,Hasemania melanura
513,285,Hyphessobrycon duragenys
514,285,Hyphessobrycon taurocephalus
515,285,Spintherobolus papilliferus
516,285,Astyanax eremus
517,285,Rachoviscus graciliceps
518,285,Spintherobolus ankoseion
519,286,Mimagoniates lateralis
520,287,Rachoviscus crassiceps
521,288,Hollandichthys taramandahy
522,289,Ginglymostoma cirratum
523,290,Leptagrion bocainense
524,291,Asthenes luizae
525,292,Phyllocaulis renschi
526,293,Aceratobasis cornicauda
527,293,Aceratobasis mourei
528,293,Castoraeschna januaria
529,293,Rhionaeschna eduardoi
530,293,Phyllocycla bartica
531,293,Elasmothemis schubarti
532,293,Macrothemis tessellata
533,293,Micrathyria borgmeieri
534,293,Micrathyria divergens
535,293,Fluminagrion taxaense
536,293,Homeoura lindneri
537,293,Leptagrion bocainense
538,293,Heteragrion petiense
539,294,Leptagrion bocainense
540,295,Syndactyla ucayalae
541,296,Scleromystax macropterus
542,297,Chrysocyon brachyurus
543,298,Chrysocyon brachyurus
544,299,Chrysocyon brachyurus
545,300,Chrysocyon brachyurus
546,301,Chrysocyon brachyurus
547,302,Chrysocyon brachyurus
548,303,Phyllomys lundi
549,304,Thoropa lutzi
550,305,Sapajus flavius
551,305,Sapajus robustus
552,306,Sapajus xanthosternos
553,307,Ateles chamek
554,307,Ateles belzebuth
555,307,Ateles marginatus
556,308,Ateles chamek
557,309,Saimiri vanzolinii
558,310,Sapajus cay
559,310,Sapajus flavius
560,311,Sapajus robustus
561,312,Sapajus xanthosternos
562,313,Sapajus flavius
563,314,Sapajus robustus
564,315,Mico rondoni
565,316,Carcharhinus obscurus
566,316,Carcharhinus signatus
567,317,Trichechus manatus
568,318,Rhamdia jequitinhonha
569,319,Pontoporia blainvillei
570,320,Mycteroperca interstitialis
571,321,Leopardus tigrinus
572,322,Leopardus wiedii
573,323,Parides burchellanus
574,324,Onychorhynchus swainsoni
575,325,Dirphia monticola
576,325,Nyceryx mielkei
577,325,Parapoynx restingalis
578,326,Nyceryx mielkei
579,327,Brachyteles arachnoides
580,328,Mycetopoda legumen
581,329,Mycetopoda legumen
582,330,Limnodromus griseus
583,331,Numenius hudsonicus
584,332,Epinephelus itajara
585,333,Hyporthodus niveatus
586,334,Epinephelus itajara
587,335,Hylodes mertensi
588,336,Mico rondoni
589,337,Leontopithecus chrysomelas
590,338,Leontopithecus chrysomelas
591,339,Leontopithecus caissara
592,340,Leontopithecus rosalia
593,341,Leontopithecus chrysopygus
594,342,Sapajus robustus
595,343,Fimoscolex sporadochaetus
596,344,Fimoscolex sporadochaetus
597,345,Fimoscolex sporadochaetus
598,346,Kerodon rupestris
599,346,Kerodon acrobata
600,347,Cavia intermedia
601,348,Brachyteles arachnoides
602,349,Brachyteles arachnoides
603,350,Melanophryniscus montevidensis
604,351,Trinomys moojeni
605,352,Lonchophylla dekeyseri
606,353,Leopardus tigrinus
607,354,Brachyteles arachnoides
608,355,Brachyteles arachnoides
609,356,Brachyteles arachnoides
610,357,Crax blumenbachii
611,358,Pauxi mitu
612,359,Crax blumenbachii
613,360,Rodriguesophis scriptorcibatus
614,361,Rhegmatorhina gymnops
615,362,Nyctibius aethereus aethereus
616,363,Phlegopsis nigromaculata paraensis
617,363,Phlegopsis nigromaculata confinis
618,364,Melanophryniscus klappenbachi
619,365,Lophiosilurus alexandri
620,366,Epiperipatus ohausi
621,366,Epiperipatus paurognostus
622,366,Epiperipatus adenocryptus
623,366,Epiperipatus diadenoproctus
624,367,Panthera onca
625,368,Panthera onca
626,369,Discocyrtus pedrosoi
627,370,Phyllomys brasiliensis
628,371,Ceratophrys ornata
629,372,Coendou speratus
630,373,Chaetomys subspinosus
631,374,Lophiosilurus alexandri
632,375,Mylesinus paucisquamatus
633,376,Myloplus tiete
634,377,Nyctimantis pomba
635,378,Sphyrna mokarran
636,379,Myrmecophaga tridactyla
637,380,Pyriglena atra
638,381,Amazona vinacea
639,382,Philodryas livida
640,383,Lutjanus purpureus
641,383,Lutjanus purpureus
642,384,Lutjanus purpureus
643,385,Lutjanus purpureus
644,386,Hippocampus patagonicus
645,387,Sporophila beltoni
646,388,Platyrinchus leucoryphus
647,389,Sphyrna tudes
648,390,Maratecoara formosa
649,390,Hypsolebias flammeus
650,390,Kryptolebias campelloi
651,390,Maratecoara splendida
652,390,Melanorivulus crixas
653,390,Melanorivulus karaja
654,390,Melanorivulus kayapo
655,390,Melanorivulus kunzei
656,390,Melanorivulus rubromarginatus
657,390,Melanorivulus salmonicaudus
658,390,Melanorivulus ubirajarai
659,390,Pituna xinguensis
660,390,Plesiolebias canabravensis
661,390,Spectrolebias reticulatus
662,390,Trigonectes strigabundus
663,390,Cynolebias leptocephalus
664,390,Hypsolebias gilbertobrasili
665,390,Moema piriana
666,390,Hypsolebias tocantinensis
667,390,Simpsonichthys cholopteryx
668,391,Hypsolebias flammeus
669,391,Hypsolebias multiradiatus
670,391,Cynolebias griseus
671,391,Hypsolebias notatus
672,391,Ophthalmolebias constanciae
673,391,Hypsolebias marginatus
674,392,Cynolebias parnaibensis
675,393,Anablepsoides cearensis
676,393,Atlantirivulus nudiventris
677,393,Austrolebias univentripinnis
678,393,Cynopoecilus intimus
679,393,Melanorivulus illuminatus
680,393,Melanorivulus scalaris
681,393,Nematolebias whitei
682,393,Plesiolebias xavantei
683,393,Atlantirivulus lazzarotoi
684,393,Atlantirivulus simplicis
685,393,Austrolebias adloffi
686,393,Austrolebias alexandri
687,393,Austrolebias arachan
688,393,Austrolebias carvalhoi
689,393,Austrolebias cheradophilus
690,393,Austrolebias cyaneus
691,393,Austrolebias ibicuiensis
692,393,Austrolebias jaegari
693,393,Austrolebias litzi
694,393,Austrolebias nachtigalli
695,393,Austrolebias nigrofasciatus
696,393,Austrolebias paucisquama
697,393,Austrolebias varzeae
698,393,Campellolebias brucei
699,393,Campellolebias chrysolineatus
700,393,Campellolebias dorsimaculatus
701,393,Campellolebias intermedius
702,393,Hypsolebias adornatus
703,393,Hypsolebias alternatus
704,393,Hypsolebias auratus
705,393,Hypsolebias brunoi
706,393,Hypsolebias carlettoi
707,393,Hypsolebias delucai
708,393,Hypsolebias fasciatus
709,393,Hypsolebias flavicaudatus
710,393,Hypsolebias fulminantis
711,393,Hypsolebias ghisolfii
712,393,Hypsolebias gibberatus
713,393,Hypsolebias guanambi
714,393,Hypsolebias harmonicus
715,393,Hypsolebias hellneri
716,393,Hypsolebias igneus
717,393,Hypsolebias janaubensis
718,393,Hypsolebias longignatus
719,393,Hypsolebias lopesi
720,393,Hypsolebias macaubensis
721,393,Hypsolebias magnificus
722,393,Hypsolebias mediopapillatus
723,393,Hypsolebias nielseni
724,393,Hypsolebias picturatus
725,393,Hypsolebias rufus
726,393,Hypsolebias stellatus
727,393,Hypsolebias trilineatus
728,393,Hypsolebias virgulatus
729,393,Kryptolebias brasiliensis
730,393,Kryptolebias gracilis
731,393,Leptopanchax citrinipinnis
732,393,Leptopanchax itanhaensis
733,393,Leptolebias marmoratus
734,393,Leptopanchax opalescens
735,393,Leptopanchax splendens
736,393,Melanorivulus pinima
737,393,Melanorivulus rutilicaudus
738,393,Melanorivulus vittatus
739,393,Nematolebias papilliferus
740,393,Notholebias cruzi
741,393,Notholebias fractifasciatus
742,393,Notholebias minimus
743,393,Ophthalmolebias bokermanni
744,393,Ophthalmolebias constanciae
745,393,Ophthalmolebias perpendicularis
746,393,Ophthalmolebias rosaceus
747,393,Ophthalmolebias suzarti
748,393,Pituna brevirostrata
749,393,Simpsonichthys boitonei
750,393,Simpsonichthys parallelus
751,393,Simpsonichthys punctulatus
752,393,Simpsonichthys santanae
753,393,Simpsonichthys zonatus
754,393,Xenurolebias myersi
755,393,Austrolebias cinereus
756,394,Trichechus inunguis
757,395,Trichechus manatus
758,396,Maratecoara formosa
759,396,Hypsolebias notatus
760,396,Simpsonichthys nigromaculatus
761,397,Cynolebias griseus
762,398,Sparisoma axillare
763,398,Sparisoma frondosum
764,399,Apareiodon davisi
765,399,Odontesthes bicudo
766,400,Kalyptodoras bahiensis
767,401,Nyctimantis pomba
768,401,Scinax alcatraz
769,401,Scinax faivovichi
770,401,Scinax peixotoi
771,402,Xenohyla truncata
772,403,Boana buriti
773,404,Scinax faivovichi
774,405,Phrynomedusa marginata
775,406,Scinax alcatraz
776,407,Xenohyla truncata
777,408,Nyctimantis pomba
778,409,Boana buriti
779,410,Bokermannohyla vulcaniae
780,411,Xenohyla truncata
781,412,Xenohyla truncata
782,413,Boana cymbalum
783,414,Sphaenorhynchus bromelicola
784,415,Pithecopus rusticus
785,416,Nyctimantis pomba
786,417,Phrynomedusa fimbriata
787,418,Phrynomedusa fimbriata
788,419,Scinax peixotoi
789,420,Phrynomedusa marginata
790,421,Thoropa petropolitana
791,422,Spintherobolus broccae
792,422,Hasemania crenuchoides
793,422,Astyanax eremus
794,422,Mimagoniates sylvicola
795,423,Stygichthys typhlops
796,424,Brycon insignis
797,425,Brycon devillei
798,426,Piculus paraensis
799,427,Celeus flavus subflavus
800,428,Celeus torquatus tinnunculus
801,429,Celeus obrieni
802,430,Scobinancistrus aureatus
803,431,Brachycephalus mirissimus
804,432,Rhincodon typus
805,432,Leopardus tigrinus
806,433,Pseudoplatystoma corruscans
807,434,Spinus yarrellii
808,435,Phyllomyias reiseri
809,436,Sandalodesmus stramineus
810,437,Glomeridesmus spelaeus
811,437,Leodesmus yporangae
812,437,Peridontodesmella alba
813,437,Pseudonannolene ambuatinga
814,437,Pseudonannolene spelaea
815,437,Dioplosternus salvatrix
816,437,Pseudonannolene imbirensis
817,437,Pseudonannolene tocaiensis
818,437,Odontopeltis giganteus
819,438,Brycon orbignyanus
820,439,Bothrops pirajai
821,440,Mycteroperca interstitialis
822,441,Brycon opalinus
823,442,Conorhynchos conirostris
824,443,Conorhynchos conirostris
825,444,Girardia arenicola
826,444,Girardia paucipuntacta
827,445,Proceratophrys palustris
828,446,Lophiosilurus alexandri
829,447,Callistomys pictus
830,448,Bradypus torquatus
831,449,Cavia intermedia
832,450,Acherontides eleonorae
833,450,Arrhopalites alambariensis
834,450,Arrhopalites botuveraensis
835,450,Arrhopalites gnaspinii
836,450,Arrhopalites heteroculatus
837,450,Arrhopalites lawrencei
838,450,Arrhopalites paranaensis
839,450,Pararrhopalites papaveroi
840,450,Troglobius brasiliensis
841,450,Troglobius ferroicus
842,450,Trogolaphysa aelleni
843,450,Archisotoma arariboia
844,450,Pseudosinella ambigua
845,450,Seira arenicola
846,450,Isotomiella uai
847,450,Archisotoma catiae
848,450,Maricaella duna
849,450,Aethiopella littoralis
850,450,Seira mataraquensis
851,450,Seira musarum
852,450,Agraphorura mariapetrae
853,450,Isotomodes cariocus
854,450,Psammisotoma restingae
855,450,Arlea arenicola
856,450,Paracerura gandarela
857,450,Hyleanura mendoncae
858,450,Mesaphorura maricaensis
859,450,Seira pseudoannulata
860,450,Arlesia intermedia
861,450,Isotomurus riparius
862,450,Arlea psammophila
863,450,Micranurida fluminensis
864,451,Tayassu pecari
865,451,Tayassu pecari
866,452,Thripophaga macroura
867,453,Phaethornis margarettae
868,454,Parides panthonus castilhoi
869,455,Discosura langsdorffi langsdorffi
870,456,Leptasthenura platensis
871,457,Alopias vulpinus
872,458,Lycalopex vetulus
873,459,Juscelinomys candango
874,460,Oligoryzomys rupestris
875,460,Rhipidomys cariri
876,460,Rhipidomys tribei
877,460,Phyllomys lundi
878,460,Phyllomys thomasi
879,460,Phyllomys brasiliensis
880,460,Phyllomys unicolor
881,461,Noronhomys vespuccii
882,462,Callistomys pictus
883,463,Thalpomys cerradensis
884,463,Cerradomys goytaca
885,463,Thalpomys lasiotis
886,464,Akodon mystax
887,465,Trinomys mirapitanga
888,465,Trinomys yonenagae
889,465,Trinomys eliasi
890,465,Trinomys moojeni
891,466,Gyldenstolpia planaltensis
892,466,Wilfredomys oenax
893,466,Euryoryzomys lamia
894,466,Microakodontomys transitorius
895,467,Cerradomys goytaca
896,468,Ctenomys bicolor
897,469,Melanophryniscus montevidensis
898,470,Cerradomys goytaca
899,471,Kerodon rupestris
900,472,Oligoryzomys rupestris
901,473,Columbina cyanopis
902,474,Sphyrna media
903,475,Sphyrna media
904,476,Wilfredomys oenax
905,477,Thoropa petropolitana
906,478,Thoropa petropolitana
907,479,Cycloramphus diringshofeni
908,480,Hylodes magalhaesi
909,480,Hylodes sazimai
910,481,Hylodes mertensi
911,482,Crossodactylus dispar
912,483,Thoropa lutzi
913,484,Adelophryne maranguapensis
914,485,Physalaemus soaresi
915,486,Thoropa lutzi
916,487,Chiasmocleis alagoana
917,487,Ischnocnema epipeda
918,488,Ischnocnema garciai
919,489,Paratelmatobius lutzii
920,490,Crossodactylodes izecksohni
921,491,Cycloramphus faustoi
922,492,Physalaemus soaresi
923,493,Crossodactylus dantei
924,493,Crossodactylus dispar
925,494,Crossodactylus dispar
926,495,Ischnocnema karst
927,495,Euparkerella robusta
928,496,Ischnocnema manezinho
929,497,Hylodes sazimai
930,498,Thoropa lutzi
931,499,Holoaden bradei
932,500,Holoaden bradei
933,501,Cichlopsis leucogenys
934,502,Mico rondoni
935,503,Callithrix flaviceps
936,504,Callithrix flaviceps
937,505,Callithrix aurita
938,506,Callithrix flaviceps
939,507,Saguinus niger
940,508,Ischnocnema epipeda
941,509,Laterallus xenopterus
942,510,Melanophryniscus biancae
943,511,Melanophryniscus admirabilis
944,512,Melanophryniscus admirabilis
945,512,Melanophryniscus dorsalis
946,512,Melanophryniscus macrogranulosus
947,513,Melanophryniscus dorsalis
948,514,Melanophryniscus setiba
949,515,Melanophryniscus montevidensis
950,516,Brachycephalus pernix
951,517,Crossodactylodes itambe
952,518,Brachycephalus pernix
953,519,Holoaden bradei
954,520,Melanophryniscus dorsalis
955,521,Melanophryniscus cambaraensis
956,522,Melanophryniscus montevidensis
957,523,Melanophryniscus macrogranulosus
958,524,Melanophryniscus macrogranulosus
959,525,Brachycephalus pernix
960,526,Melanophryniscus cambaraensis
961,527,Melanophryniscus cambaraensis
962,528,Melanophryniscus montevidensis
963,529,Proceratophrys palustris
964,530,Ceratophrys ornata
965,531,Ceratophrys ornata
966,532,Ceratophrys ornata
967,533,Ceratophrys ornata
968,534,Ceratophrys ornata
969,535,Proceratophrys ararype
970,536,Proceratophrys sanctaritae
971,537,Proceratophrys sanctaritae
972,538,Ceratophrys ornata
973,539,Selenidera gouldii baturitensis
974,540,Callistomys pictus
975,541,Callistomys pictus
976,542,Leontopithecus rosalia
977,543,Leontopithecus chrysopygus
978,544,Callicebus melanochir
979,545,Callicebus personatus
980,546,Nemosia rourei
981,547,Tangara velia signata
982,548,Tangara cyanocephala cearensis
983,549,Hyporthodus niveatus
984,550,Hyporthodus niveatus
985,551,Phyllomys unicolor
986,552,Mycteroperca bonaci
987,552,Mycteroperca interstitialis
988,553,Phrynomedusa fimbriata
989,554,Cycloramphus stejnegeri
990,555,Steindachneridion scriptum
991,555,Pseudoplatystoma corruscans
992,556,Steindachneridion doceanum
993,557,Steindachneridion melanodermatum
994,558,Steindachneridion amblyurum
995,559,Steindachneridion parahybae
996,560,Pseudoplatystoma corruscans
997,561,Trogon collaris eytoni
998,562,Hylodes magalhaesi
999,563,Myrmecophaga tridactyla
1000,564,Scytalopus diamantinensis
1001,565,Scytalopus gonzagai
1002,566,Eretmochelys imbricata
1003,567,Caretta caretta
1004,568,Lepidochelys olivacea
1005,569,Eretmochelys imbricata
1006,570,Caretta caretta
1007,571,Lepidochelys olivacea
1008,572,Eretmochelys imbricata
1009,573,Caretta caretta
1010,574,Caretta caretta
1011,575,Dermochelys coriacea
1012,576,Dermochelys coriacea
1013,577,Dermochelys coriacea
1014,578,Eretmochelys imbricata
1015,579,Dermochelys coriacea
1016,580,Dermochelys coriacea
1017,581,Lepidochelys olivacea
1018,582,Dermochelys coriacea
1019,583,Dermochelys coriacea
1020,584,Priodontes maximus
1021,585,Tolypeutes tricinctus
1022,586,Priodontes maximus
1023,587,Iansaoniscus iraquara
1024,588,Hyphessobrycon flammeus
1025,589,Hyphessobrycon flammeus
1026,590,Hyphessobrycon flammeus
1027,591,Chaetomys subspinosus
1028,592,Hypomasticus thayeri
1029,593,Pyrrhura griseipectus
1030,594,Pyrrhura perlata
1031,595,Pyrrhura molinae
1032,596,Pyrrhura amazonum
1033,597,Pyrrhura cruentata
1034,598,Conothraupis mesoleuca
1035,599,Pontoporia blainvillei
1036,600,Lophornis gouldii
1037,601,Hylopezus whittakeri
1038,602,Hylopezus paraensis
1039,603,Grallaria varia intercedens
1040,604,Microakodontomys transitorius
1041,605,Narcine brasiliensis
1042,606,Rhipidomys tribei
1043,607,Squatina argentina
1044,608,Squatina occulta
1045,609,Rhincodon typus
1046,610,Mustelus schmitti
1047,611,Carcharodon carcharias
1048,612,Carcharhinus galapagensis
1049,613,Carcharhinus perezi
1050,614,Cetorhinus maximus
1051,615,Rhincodon typus
1052,616,Carcharhinus longimanus
1053,617,Carcharhinus plumbeus
1054,618,Negaprion brevirostris
1055,619,Ginglymostoma cirratum
1056,620,Sphyrna lewini
1057,620,Sphyrna tiburo
1058,620,Sphyrna tudes
1059,620,Sphyrna zygaena
1060,621,Sphyrna media
1061,622,Sphyrna mokarran
1062,623,Sphyrna zygaena
1063,624,Cetorhinus maximus
1064,625,Alopias vulpinus
1065,626,Alopias superciliosus
1066,626,Alopias vulpinus
1067,627,Alopias vulpinus
1068,628,Carcharhinus plumbeus
1069,629,Carcharhinus signatus
1070,630,Ctenomys flamarioni
1071,630,Ctenomys bicolor
1072,630,Ctenomys lami
1073,630,Ctenomys minutus
1074,631,Ctenomys minutus
1075,632,Melipona rufiventris
1076,633,Phyllomys unicolor
1077,634,Odontophorus capueira plumbeicollis
1078,635,Ginglymostoma cirratum
1079,636,Melipona scutellaris
1080,637,Mazama nana
1081,638,Ozotoceros bezoarticus bezoarticus
1082,639,Mazama nana
1083,640,Brycon vermelha
1084,641,Lutjanus cyanopterus
1085,642,Noronhomys vespuccii
1086,643,Xanthopsar flavus
1087,644,Sclerurus cearensis
1088,645,Sclerurus macconnelli bahiae
1089,646,Sclerurus caudacutus caligineus
1090,646,Sclerurus caudacutus umbretta
1091,647,Lepidochelys olivacea
1092,648,Trinomys yonenagae
1093,649,Melipona rufiventris
1094,649,Melipona scutellaris
1095,649,Melipona capixaba
1096,649,Partamona littoralis
1097,650,Acrobatornis fonsecai
1098,651,Aceratobasis cornicauda
1099,651,Aceratobasis mourei
1100,651,Homeoura lindneri
1101,652,Troglorhopalurus translucidus
1102,653,Thalassarche chlororhynchos
1103,654,Diomedea dabbenena
1104,655,Diomedea exulans
1105,656,Diomedea exulans
1106,657,Diomedea epomophora
1107,658,Diomedea sanfordi
1108,659,Serpophaga hypoleuca pallida
1109,660,Megalops atlanticus
1110,661,Iodopleura pipra
1111,661,Iodopleura pipra leucopygia
1112,662,Xipholena atropurpurea
1113,663,Geositta poeciloptera
1114,664,Hypsolebias multiradiatus
1115,664,Cynolebias griseus
1116,664,Hypsolebias notatus
1117,664,Hypsolebias marginatus
1118,665,Pituna xinguensis
1119,665,Plesiolebias canabravensis
1120,665,Spectrolebias reticulatus
1121,665,Moema piriana
1122,665,Simpsonichthys cholopteryx
1123,666,Maratecoara splendida
1124,666,Melanorivulus crixas
1125,667,Tapirus terrestris
1126,668,Anumara forbesi
1127,669,Touit surdus
1128,670,Touit melanonotus
1129,671,Eusarcus elinae
1130,671,Giupponia chagasi
1131,671,Iandumoema setimapocu
1132,671,Iandumoema uai
1133,671,Pachylospeleus strinatii
1134,671,Spaeleoleptes spaeleus
1135,671,Spinopilar moria
1136,672,Eusarcus elinae
1137,672,Giupponia chagasi
1138,672,Iandumoema setimapocu
1139,672,Iandumoema uai
1140,672,Pachylospeleus strinatii
1141,672,Spaeleoleptes spaeleus
1142,672,Spinopilar moria
1143,673,Matagaia chromatopus
1144,673,Neonella noronha
1145,674,Metagonia potiguar
1146,674,Metagonia diamantina
1147,675,Metagonia potiguar
1148,675,Metagonia diamantina
1149,676,Dendrocolaptes medius
1150,677,Dendrocolaptes retentus
1151,678,Campylorhamphus trochilirostris trochilirostris
1152,679,Dendrexetastes rufigula paraensis
1153,680,Dendrocincla merula badia
1154,681,Campylorhamphus multostriatus
1155,682,Xiphorhynchus guttatoides gracilirostris
1156,683,Xiphorhynchus atlanticus
1157,684,Hylexetastes brigidai
1158,685,Xiphocolaptes carajaensis
1159,686,Xiphocolaptes falcirostris
1160,687,Campylorhamphus cardosoi
1161,688,Dendrocincla taunayi
1162,689,Xiphorhynchus atlanticus
1163,690,Hylexetastes uniformis
1164,691,Procnias albus wallacei
1165,692,Oxyruncus cristatus tocantinsi
1166,693,Anodorhynchus leari
1167,694,Cyanopsitta spixii
1168,695,Anodorhynchus glaucus
1169,696,Guaruba guarouba
1170,697,Cyanopsitta spixii
1171,698,Pteroglossus bitorquatus bitorquatus
1172,699,Pomacea sordida
1173,700,Pomacea sordida
1174,701,Scarus trispinosus
1175,702,Campylopterus calcirupicola
1176,703,Sula sula
1177,704,Tinamus tao
1178,705,Morpho menelaus eberti
1179,706,Bradypus torquatus
1180,707,Xipholena lamellipennis
1181,708,Hydropsalis candicans
1182,709,Nyctiprogne vielliardi
1183,710,Mycteroperca bonaci
1184,710,Mycteroperca interstitialis
1185,711,Mycteroperca interstitialis
1186,712,Mycteroperca bonaci
1187,713,Glaucis dohrnii
1188,714,Myrmecophaga tridactyla
1189,715,Anabazenops dorsalis
1190,716,Automolus lammi
1191,717,Lopholatilus villarii
1192,718,Charadrius wilsonia
1193,719,Thalurania watertonii
1194,720,Thalurania watertonii
1195,721,Augastes lumachella
1196,722,Colibri delphinae greenewalti
1197,723,Cartagonum apiuba
1198,723,Lycomorphon brasiliense
1199,723,Coarazuphium caatinga
1200,723,Coarazuphium cessaima
1201,723,Coarazuphium formoso
1202,723,Coarazuphium pains
1203,723,Coarazuphium ricardoi
1204,723,Coarazuphium tapiaguassu
1205,723,Coarazuphium tessai
1206,723,Schizogenius ocellatus
1207,724,Copelatus cessaima
1208,725,Copelatus cessaima
1209,726,Canthon corpulentus
1210,726,Canthon quadripunctatus
1211,726,Dichotomius eucranioides
1212,726,Dichotomius mysticus
1213,726,Dichotomius schiffleri
1214,726,Pedaridium hirsutum
1215,727,Altitatiayus campoi
1216,727,Altitatiayus dulceae
1217,727,Altitatiayus godinhorum
1218,727,Altitatiayus koikei
1219,727,Altitatiayus rotundatus
1220,727,Altitatiayus ruficollis
1221,727,Altitatiayus trifurcatus
1222,728,Scarus trispinosus
1223,729,Mustelus canis
1224,730,Xenops minutus alagoanus
1225,731,Formicivora acutirostris
1226,732,Formicivora paludicola
1227,733,Sporophila maximiliani
1228,734,Mustelus canis
1229,735,Epinephelus itajara
1230,736,Mustelus canis
1231,737,Tolypeutes tricinctus
1232,738,Tolypeutes tricinctus
1233,739,Morpho menelaus eberti
1234,740,Parides ascanius
1235,741,Parides burchellanus
1236,742,Phylloscartes beckeri
1237,743,Inia geoffrensis
1238,744,Inia geoffrensis
1239,745,Bouchardia rosea
1240,746,Heterodactylus lundii
1241,747,Scarus zelindae
1242,748,Brachyteles hypoxanthus
1243,749,Brachyteles hypoxanthus
1244,750,Carcharhinus obscurus
1245,751,Lepidothrix iris iris
1246,751,Lepidothrix iris
1247,752,Sporophila melanogaster
1248,753,Sporophila hypoxantha
1249,754,Sporophila palustris
1250,755,Sporophila ruficollis
1251,756,Sporophila nigrorufa
1252,757,Glaucidium mooreorum
1253,758,Atelocynus microtis
1254,759,Speothos venaticus
1255,760,Speothos venaticus
1256,761,Cebus kaapori
1257,762,Aburria cujubi
1258,763,Aburria cujubi
1259,764,Kentropyx vanzoi
1260,764,Tropidurus erythrocephalus
1261,764,Tropidurus psammonastes
1262,764,Ameiva parecis
1263,764,Glaucomastix littoralis
1264,764,Tropidurus hygomi
1265,765,Brasiliscincus caissara
1266,766,Heterodactylus lundii
1267,767,Dactyloa nasofrontalis
1268,767,Dactyloa pseudotigrina
1269,768,Sphyrna lewini
1270,768,Sphyrna mokarran
1271,768,Sphyrna zygaena
1272,769,Sphyrna zygaena
1273,770,Megalops atlanticus
1274,771,Anthus nattereri
1275,772,Megalops atlanticus
1276,773,Cyanocorax hafferi
1277,774,Megalops atlanticus
1278,775,Panthera onca
1279,776,Megalops atlanticus
1280,777,Hypocnemis hypoxantha ochraceiventris
1281,778,Hypocnemis striata
1282,779,Hypocnemis ochrogyna
1283,780,Choranthias salmopunctatus
1284,781,Alouatta ululata
1285,782,Capito dayi
1286,783,Attila spadiceus uropygiatus
1287,784,Phylloscartes roquettei
1288,785,Phylloscartes ceciliae
1289,786,Gubernatrix cristata
1290,787,Baryancistrus longipinnis
1291,788,Hypocephalus armatus
1292,789,Baryancistrus longipinnis
1293,790,Hippocampus patagonicus
1294,790,Hippocampus erectus
1295,790,Hippocampus reidi
1296,791,Hippocampus patagonicus
1297,791,Hippocampus erectus
1298,791,Hippocampus reidi
1299,792,Hippocampus reidi
1300,793,Hippocampus patagonicus
1301,793,Hippocampus erectus
1302,793,Hippocampus reidi
1303,794,Hippocampus patagonicus
1304,795,Hippocampus reidi
1305,796,Carcharias taurus
1306,797,Squatina occulta
1307,798,Squatina argentina
1308,799,Squatina guggenheim
1309,800,Squatina guggenheim
1310,801,Carcharhinus obscurus
1311,802,Notorynchus cepedianus
1312,803,Carcharhinus perezi
1313,804,Carcharias taurus
1314,805,Rhincodon typus
1315,806,Carcharhinus obscurus
1316,807,Negaprion brevirostris
1317,808,Mustelus fasciatus
1318,809,Ginglymostoma cirratum
1319,810,Mustelus fasciatus
1320,811,Carcharias taurus
1321,812,Sphyrna media
1322,813,Carcharhinus signatus
1323,814,Isogomphodon oxyrhynchus
1324,815,Isogomphodon oxyrhynchus
1325,816,Pseudobatos percellens
1326,817,Amazona rhodocorytha
1327,818,Hyporthodus nigritus
1328,819,Hyporthodus nigritus
1329,820,Polyprion americanus
1330,821,Hyporthodus niveatus
1331,822,Laniisoma elegans
1332,823,Thamnophilus caerulescens pernambucensis
1333,824,Thamnophilus caerulescens cearensis
1334,825,Clytoctantes atrogularis
1335,826,Thamnophilus aethiops distans
1336,827,Thamnophilus nigrocinereus tschudii
1337,827,Thamnophilus nigrocinereus huberi
1338,828,Dysithamnus plumbeus
1339,829,Myrmotherula snowi
1340,830,Myrmotherula urosticta
1341,831,Myrmotherula oreni
1342,832,Epinecrophylla dentei
1343,833,Myrmotherula fluminensis
1344,834,Myrmotherula minor
1345,835,Monasa morphoeus morphoeus
1346,836,Conopophaga lineata lineata
1347,837,Conopophaga cearae
1348,838,Sporophila falcirostris
1349,839,Ateles belzebuth
1350,840,Atractus caete
1351,841,Atractus thalesdelemai
1352,842,Atractus ronnie
1353,843,Amphisbaena arda
1354,843,Amphisbaena frontalis
1355,843,Amphisbaena nigricauda
1356,843,Amphisbaena supernumeraria
1357,843,Amphisbaena uroxena
1358,843,Leposternon kisteumacheri
1359,843,Leposternon octostegum
1360,843,Leposternon scutigerum
1361,844,Corallus cropanii
1362,845,Heterodactylus lundii
1363,846,Heterodactylus lundii
1364,847,Calamodontophis ronaldoi
1365,848,Apostolepis gaboi
1366,849,Apostolepis arenaria
1367,850,Apostolepis striata
1368,851,Heterodactylus lundii
1369,852,Elaenia ridleyana
1370,853,Taoniscus nanus
1371,854,Nothura minor
1372,855,Mustelus canis
1373,856,Pseudoseisura lophotes
1374,857,Coryphistera alaudina
1375,858,Aburria cujubi
1376,859,Cotinga maculata
1377,860,Aburria cujubi
1378,861,Aburria cujubi
1379,862,Pyrilia vulturina
1380,863,Geositta poeciloptera
1381,864,Mylesinus paucisquamatus
1382,865,Chiropotes satanas
1383,866,Chiropotes satanas
1384,867,Lepidothrix vilasboasi
1385,868,Pseudocroniades machaon seabrai
1386,869,Stegastes rocasensis
1387,870,Aceratobasis cornicauda
1388,870,Aceratobasis mourei
1389,870,Homeoura lindneri
1390,871,Adebrotus lugoi
1391,871,Camelobaetidius maranhensis
1392,871,Camelobaetidius spinosus
1393,871,Hermanella amere
1394,871,Hermanella nigra
1395,872,Atlantoraja castelnaui
1396,873,Sympterygia bonapartii
1397,874,Sympterygia acuta
1398,875,Atlantoraja castelnaui
1399,876,Atlantoraja castelnaui
1400,877,Merulaxis stresemanni
1401,878,Maxchernes iporangae
1402,878,Progarypus nigrimanus
1403,879,Balaenoptera borealis
1404,880,Astropecten articulatus
1405,880,Astropecten brasiliensis
1406,880,Astropecten marginatus
1407,880,Coscinasterias tenuispina
1408,880,Linckia guildingi
1409,880,Oreaster reticulatus
1410,881,Magnastigma julia
1411,881,Strymon ohausi
1412,882,Ideoroncus cavicola
1413,882,Pseudochthonius biseriatus
1414,882,Spelaeobochica iuiu
1415,882,Spelaeobochica muchmorei
1416,882,Spelaeobochica allodentatus
1417,882,Maxchernes iporangae
1418,882,Spelaeochernes gracilipalpus
1419,882,Progarypus nigrimanus
1420,883,Poecilotriccus albifacies
1421,884,Schiffornis turdina intermedia
1422,885,Cnipodectes superrufus
1423,886,Dinoponera lucida
1424,886,Gnamptogenys wilsoni
1425,886,Mycetophylax simplex
1426,886,Mycetomoellerius atlanticus
1427,886,Brachymyrmex micromegas
1428,886,Diaphoromyrma sofiae
1429,886,Monomorium delabiei
1430,886,Mycetagroicus urbanus
1431,886,Rhopalothrix plaumanni
1432,886,Fulakora cleae
1433,887,Atta robusta
1434,888,Formicivora erythronotos
1435,889,Myrmoderus ruficauda
1436,890,Formicivora littoralis
1437,891,Neopelma aurifrons
1438,892,Phalotris multipunctatus
1439,893,Alectrurus tricolor
1440,894,Epinephelus marginatus
1441,895,Leopardus tigrinus
1442,896,Leopardus tigrinus
1443,897,Circus cinereus
1444,898,Leptodon forbesi
1445,899,Leptodon forbesi
1446,900,Amadonastur lacernulatus
1447,901,Harpia harpyja
1448,902,Morphnus guianensis
1449,903,Homonota uruguayensis
1450,904,Rhopornis ardesiacus
1451,905,Phaethon aethereus
1452,906,Pterodroma madeira
1453,907,Pterodroma incerta
1454,908,Pterodroma deserta
1455,909,Pterodroma arminjoniana
1456,910,Cichlocolaptes mazarbarnetti
1457,911,Prochilodus vimboides
1458,912,Alouatta ululata
1459,913,Alouatta discolor
1460,914,Saguinus niger
1461,915,Guaruba guarouba
1462,916,Callicebus barbarabrownae
1463,917,Callicebus barbarabrownae
1464,918,Harpia harpyja
1465,919,Hippocampus patagonicus
1466,919,Hippocampus erectus
1467,920,Stenocercus azureus
1468,921,Taoniscus nanus
1469,922,Thamnomanes caesius caesius
1470,923,Psophia obscura
1471,924,Psophia dextralis
1472,925,Psophia interjecta
1473,926,Penelope superciliaris alagoensis
1474,927,Neomorphus geoffroyi geoffroyi
1475,927,Neomorphus geoffroyi
1476,927,Neomorphus geoffroyi amazonicus
1477,927,Neomorphus geoffroyi dulcis
1478,928,Neomorphus squamiger
1479,929,Aburria cujubi
1480,930,Penelope jacucaca
1481,931,Penelope superciliaris alagoensis
1482,932,Penelope pileata
1483,933,Aburria cujubi
1484,933,Aburria jacutinga
1485,934,Panthera onca
1486,935,Panthera onca
1487,936,Aratinga solstitialis
1488,937,Bothrops alcatraz
1489,938,Bothrops insularis
1490,939,Bothrops muriciensis
1491,940,Bothrops pirajai
1492,941,Corallus cropanii
1493,942,Corallus cropanii
1494,943,Corallus cropanii
1495,944,Synallaxis kollari
1496,945,Asthenes hudsoni
1497,946,Myrmecophaga tridactyla
1498,947,Vireo gracilirostris
1499,948,Plesiolebias xavantei
1500,948,Hypsolebias multiradiatus
1501,948,Maratecoara splendida
1502,948,Melanorivulus crixas
1503,948,Cynolebias griseus
1504,948,Hypsolebias notatus
1505,948,Hypsolebias marginatus
1506,949,Troglorhopalurus translucidus
1507,950,Liolaemus lutzae
1508,951,Liolaemus lutzae
1509,952,Ameivula nativo
1510,953,Contomastix vacariensis
1511,954,Placosoma cipoense
1512,955,Ameivula nativo
1513,956,Contomastix vacariensis
1514,957,Liolaemus occipitalis
1515,958,Liolaemus arambarensis
1516,959,Contomastix vacariensis
1517,960,Glaucomastix littoralis
1518,961,Stenocercus azureus
1519,962,Coleodactylus natalensis
1520,963,Hyphessobrycon flammeus
1521,964,Ginglymostoma cirratum
1522,965,Aceratobasis cornicauda
1523,965,Aceratobasis mourei
1524,965,Homeoura lindneri
1525,966,Aceratobasis cornicauda
1526,966,Aceratobasis mourei
1527,966,Homeoura lindneri
1528,967,Asthenes luizae
1529,968,Syndactyla ucayalae
1530,969,Chrysocyon brachyurus
1531,970,Chrysocyon brachyurus
1532,971,Chrysocyon brachyurus
1533,972,Chrysocyon brachyurus
1534,973,Pteronura brasiliensis
1535,974,Cebus kaapori
1536,975,Sapajus cay
1537,976,Chiropotes satanas
1538,977,Carcharhinus obscurus
1539,977,Carcharhinus signatus
1540,978,Eleoscytalopus psychopompus
1541,979,Scytalopus iraiensis
1542,980,Pionus reichenowi
1543,981,Hemitriccus kaempferi
1544,982,Hemitriccus mirandae
1545,983,Onychorhynchus swainsoni
1546,984,Knipolegus franciscanus
1547,985,Brachyteles hypoxanthus
1548,986,Calidris subruficollis
1549,987,Numenius hudsonicus
1550,988,Limnodromus griseus
1551,989,Calidris canutus
1552,990,Numenius borealis
1553,991,Calidris pusilla
1554,992,Epinephelus itajara
1555,993,Epinephelus itajara
1556,994,Brachyteles hypoxanthus
1557,995,Brachyteles hypoxanthus
1558,996,Brachyteles hypoxanthus
1559,997,Brachyteles hypoxanthus
1560,998,Brachyteles hypoxanthus
1561,999,Pulsatrix perspicillata pulsatrix
1562,1000,Crax globulosa
1563,1001,Crax globulosa
1564,1002,Crax blumenbachii
1565,1003,Crax globulosa
1566,1004,Pauxi mitu
1567,1005,Crax blumenbachii
1568,1006,Crax globulosa
1569,1007,Crax fasciolata pinima
1570,1008,Crax globulosa
1571,1009,Rodriguesophis chui
1572,1010,Rodriguesophis scriptorcibatus
1573,1011,Nyctibius aethereus aethereus
1574,1012,Phlegopsis nigromaculata paraensis
1575,1012,Phlegopsis nigromaculata confinis
1576,1013,Rhegmatorhina gymnops
1577,1014,Phlegopsis borbae
1578,1015,Rhegmatorhina hoffmannsi
1579,1016,Lopholatilus villarii
1580,1017,Elacatinus figaro
1581,1018,Pteronura brasiliensis
1582,1019,Panthera onca
1583,1020,Eusarcus elinae
1584,1020,Giupponia chagasi
1585,1020,Iandumoema setimapocu
1586,1020,Iandumoema uai
1587,1020,Pachylospeleus strinatii
1588,1020,Spaeleoleptes spaeleus
1589,1020,Spinopilar moria
1590,1021,Cassidulus mitis
1591,1022,Cassidulus mitis
1592,1023,Lytechinus variegatus
1593,1024,Mylesinus paucisquamatus
1594,1025,Mylesinus paucisquamatus
1595,1026,Mylesinus paucisquamatus
1596,1027,Mylesinus paucisquamatus
1597,1028,Eukoenenia potiguar
1598,1028,Eukoenenia maquinensis
1599,1028,Eukoenenia sagarana
1600,1028,Eukoenenia spelunca
1601,1028,Eukoenenia virgemdalapa
1602,1028,Leptokoenenia pelada
1603,1028,Leptokoenenia thalassophobica
1604,1029,Callicebus barbarabrownae
1605,1030,Sphyrna mokarran
1606,1031,Sphyrna tudes
1607,1032,Formicivora grantsaui
1608,1033,Stigmatura napensis napensis
1609,1034,Pyriglena atra
1610,1035,Pyriglena pernambucensis
1611,1036,Dactyloa nasofrontalis
1612,1036,Dactyloa pseudotigrina
1613,1037,Enyalius erythroceneus
1614,1038,Scarus zelindae
1615,1039,Amazona pretrei
1616,1040,Amazona vinacea
1617,1041,Puffinus lherminieri
1618,1042,Procellaria conspicillata
1619,1043,Procellaria aequinoctialis
1620,1044,Ditaxodon taeniatus
1621,1045,Lutjanus purpureus
1622,1046,Lutjanus purpureus
1623,1047,Sporophila beltoni
1624,1048,Platyrinchus leucoryphus
1625,1049,Platyrinchus mystaceus niveigularis
1626,1050,Mergus octosetaceus
1627,1051,Sphyrna tiburo
1628,1052,Hypsolebias multiradiatus
1629,1052,Cynolebias griseus
1630,1052,Hypsolebias notatus
1631,1052,Hypsolebias marginatus
1632,1053,Cinclodes espinhacensis
1633,1054,Hypsolebias flammeus
1634,1054,Hypsolebias multiradiatus
1635,1054,Cynolebias griseus
1636,1054,Hypsolebias notatus
1637,1054,Hypsolebias marginatus
1638,1055,Hypsolebias flammeus
1639,1056,Cynolebias griseus
1640,1057,Lopholatilus villarii
1641,1058,Prognathodes obliquus
1642,1059,Cerdale fasciata
1643,1060,Scarus trispinosus
1644,1061,Scarus zelindae
1645,1062,Sparisoma frondosum
1646,1063,Scorpaenodes insularis
1647,1064,Megalops atlanticus
1648,1065,Synaptula secreta
1649,1066,Pyrrhura griseipectus
1650,1067,Astyanax eremus
1651,1068,Celeus flavus subflavus
1652,1069,Celeus galeatus
1653,1070,Celeus torquatus pieteroyensi
1654,1070,Celeus torquatus tinnunculus
1655,1071,Celeus obrieni
1656,1072,Piculus paraensis
1657,1073,Piculus polyzonus
1658,1074,Spinus yarrellii
1659,1075,Tangara fastuosa
1660,1076,Tangara fastuosa
1661,1077,Phyllomyias reiseri
1662,1078,Megalops atlanticus
1663,1079,Cebus kaapori
1664,1080,Contopus nigrescens
1665,1081,Sporophila frontalis
1666,1082,Megalops atlanticus
1667,1083,Tayassu pecari
1668,1084,Tayassu pecari
1669,1085,Bradypus torquatus
1670,1086,Hyporthodus niveatus
1671,1087,Ideoroncus cavicola
1672,1087,Pseudochthonius biseriatus
1673,1087,Spelaeobochica iuiu
1674,1087,Spelaeobochica muchmorei
1675,1087,Spelaeobochica allodentatus
1676,1087,Maxchernes iporangae
1677,1087,Spelaeochernes gracilipalpus
1678,1087,Progarypus nigrimanus
1679,1088,Melipona capixaba
1680,1089,Thripophaga macroura
1681,1090,Phaethornis margarettae
1682,1091,Phaethornis aethopygus
1683,1092,Heraclides himeros baia
1684,1092,Heraclides himeros himeros
1685,1092,Mimoides lysithous harrisianus
1686,1092,Mimoides lysithous sebastianus
1687,1092,Parides bunichus chamissonia
1688,1092,Parides burchellanus
1689,1092,Parides klagesi
1690,1092,Parides tros danunciae
1691,1093,Discosura langsdorffi langsdorffi
1692,1094,Phaethon aethereus
1693,1095,Phaethon lepturus
1694,1096,Phaethon aethereus
1695,1097,Leptasthenura platensis
1696,1098,Mobula tarapacana
1697,1099,Bathytoshia centroura
1698,1099,Myliobatis freminvillei
1699,1100,Gymnura altavela
1700,1101,Atlantoraja castelnaui
1701,1102,Hypanus marianae
1702,1102,Urotrygon microphthalmum
1703,1103,Bathytoshia centroura
1704,1104,Narcine brasiliensis
1705,1105,Sympterygia acuta
1706,1106,Urotrygon microphthalmum
1707,1107,Mobula mobular
1708,1107,Mobula thurstoni
1709,1108,Mobula mobular
1710,1108,Mobula thurstoni
1711,1109,Myliobatis ridens
1712,1109,Myliobatis freminvillei
1713,1109,Gymnura altavela
1714,1110,Atlantoraja castelnaui
1715,1111,Hypanus marianae
1716,1112,Bathytoshia centroura
1717,1113,Bathytoshia centroura
1718,1114,Urotrygon microphthalmum
1719,1115,Rioraja agassizii
1720,1116,Myliobatis ridens
1721,1116,Myliobatis freminvillei
1722,1117,Pseudobatos horkelii
1723,1117,Pseudobatos percellens
1724,1118,Lycalopex vetulus
1725,1119,Lycalopex vetulus
1726,1120,Lycalopex vetulus
1727,1121,Columbina cyanopis
1728,1122,Sphyrna media
1729,1123,Sphyrna media
1730,1124,Ischnocnema manezinho
1731,1125,Ischnocnema manezinho
1732,1126,Stegastes rocasensis
1733,1127,Stegastes rocasensis
1734,1128,Cichlopsis leucogenys
1735,1129,Callithrix aurita
1736,1130,Saguinus bicolor
1737,1131,Saguinus bicolor
1738,1132,Laterallus xenopterus
1739,1133,Selenidera gouldii baturitensis
1740,1134,Lipaugus conditus
1741,1135,Saguinus bicolor
1742,1136,Saguinus bicolor
1743,1137,Callicebus barbarabrownae
1744,1138,Leontopithecus rosalia
1745,1139,Nemosia rourei
1746,1140,Tangara velia signata
1747,1141,Tangara cyanocephala cearensis
1748,1142,Tangara fastuosa
1749,1143,Tangara fastuosa
1750,1144,Atta robusta
1751,1145,Vireo gracilirostris
1752,1146,Mycteroperca bonaci
1753,1147,Adebrotus lugoi
1754,1147,Camelobaetidius juparana
1755,1147,Camelobaetidius maranhensis
1756,1147,Camelobaetidius spinosus
1757,1147,Hermanella amere
1758,1147,Hermanella nigra
1759,1148,Tigrisoma fasciatum
1760,1149,Tigrisoma fasciatum
1761,1150,Antilophia bokermanni
1762,1151,Achirus mucuri
1763,1152,Trogon collaris eytoni
1764,1153,Myrmecophaga tridactyla
1765,1154,Achirus mucuri
1766,1155,Scytalopus diamantinensis
1767,1156,Scytalopus novacapitalis
1768,1157,Scytalopus gonzagai
1769,1158,Hyporthodus niveatus
1770,1159,Megalops atlanticus
1771,1160,Typhochlaena curumim
1772,1160,Tmesiphantes hypogeus
1773,1160,Ybyrapora diversipes
1774,1160,Ybyrapora gamba
1775,1160,Typhochlaena seladonia
1776,1160,Dolichothele diamantinensis
1777,1161,Pterinopelma sazimai
1778,1162,Synallaxis infuscata
1779,1163,Tolypeutes tricinctus
1780,1164,Cacicus koepckeae
1781,1165,Fregata minor
1782,1166,Fregata trinitatis
1783,1167,Arremonops conirostris
1784,1168,Coryphaspiza melanotis
1785,1169,Calyptura cristata
1786,1170,Panthera onca
1787,1171,Pyrrhura perlata
1788,1172,Pyrrhura molinae
1789,1173,Pyrrhura amazonum
1790,1174,Pyrrhura leucotis
1791,1175,Pyrrhura griseipectus
1792,1176,Pyrrhura pfrimeri
1793,1177,Pyrrhura anerythra
1794,1178,Pyrrhura cruentata
1795,1179,Pyrrhura coerulescens
1796,1180,Conothraupis mesoleuca
1797,1181,Lophornis gouldii
1798,1182,Hylopezus whittakeri
1799,1183,Hylopezus paraensis
1800,1184,Chamaeza nobilis fulvipectus
1801,1185,Grallaria varia distincta
1802,1185,Grallaria varia intercedens
1803,1186,Narcine brasiliensis
1804,1187,Cichlocolaptes mazarbarnetti
1805,1188,Thalasseus acuflavidus
1806,1189,Sterna hirundinacea
1807,1190,Thalasseus maximus
1808,1191,Sterna dougallii
1809,1192,Carcharhinus longimanus
1810,1193,Carcharhinus longimanus
1811,1194,Sphyrna mokarran
1812,1195,Squatina argentina
1813,1196,Squatina occulta
1814,1197,Carcharhinus signatus
1815,1198,Rhincodon typus
1816,1199,Carcharodon carcharias
1817,1200,Carcharhinus perezi
1818,1201,Carcharhinus galapagensis
1819,1202,Notorynchus cepedianus
1820,1203,Carcharhinus perezi
1821,1204,Carcharhinus longimanus
1822,1205,Rhincodon typus
1823,1206,Carcharhinus plumbeus
1824,1207,Negaprion brevirostris
1825,1208,Ginglymostoma cirratum
1826,1209,Carcharias taurus
1827,1210,Sphyrna tiburo
1828,1210,Sphyrna tudes
1829,1210,Sphyrna zygaena
1830,1211,Sphyrna zygaena
1831,1212,Alopias superciliosus
1832,1212,Alopias vulpinus
1833,1213,Alopias superciliosus
1834,1213,Alopias vulpinus
1835,1214,Alopias superciliosus
1836,1215,Alopias vulpinus
1837,1216,Carcharhinus plumbeus
1838,1217,Carcharhinus signatus
1839,1218,Carcharhinus galapagensis
1840,1219,Carcharhinus galapagensis
1841,1220,Melipona rufiventris
1842,1221,Melipona rufiventris
1843,1222,Burhinus bistriatus
1844,1223,Cyphorhinus griseolateralis
1845,1224,Morphnus guianensis
1846,1225,Morphnus guianensis
1847,1226,Odontophorus capueira plumbeicollis
1848,1227,Ginglymostoma cirratum
1849,1228,Nyctibius leucopterus
1850,1229,Melipona scutellaris
1851,1230,Melipona rufiventris
1852,1231,Melipona capixaba
1853,1232,Melipona capixaba
1854,1233,Melipona scutellaris
1855,1234,Melipona capixaba
1856,1235,Melipona scutellaris
1857,1236,Amydetes bellorum
1858,1237,Xanthopsar flavus
1859,1238,Pseudobatos horkelii
1860,1238,Pseudobatos percellens
1861,1239,Sclerurus cearensis
1862,1240,Sclerurus macconnelli bahiae
1863,1241,Sclerurus caudacutus caligineus
1864,1241,Sclerurus caudacutus umbretta
1865,1242,Panthera onca
1866,1243,Terenura sicki
1867,1244,Mycteroperca interstitialis
1868,1245,Urubitinga coronata
